{"count":1,"gauges":{"CarBrain.CumulativeReward":{"count":11,"max":93.1913757,"min":-184.538162,"value":-77.90483,"weightedAverage":-28.57312}},"self":67.39624959999999,"total":70.0563939,"children":{"AgentSendState":{"count":3452,"self":0.1136407,"total":0.1351955,"children":{"CollectObservations":{"count":691,"self":0.0215548,"total":0.0215548,"children":null}}},"DecideAction":{"count":3452,"self":2.2430972,"total":2.346686,"children":{"RayPerceptionSensor.Perceive":{"count":691,"self":0.1035888,"total":0.1035888,"children":null}}},"AgentAct":{"count":3452,"self":0.1772618,"total":0.1772618,"children":null}}}