{"cameraMode":{"drawMode":0,"name":"Shaded","section":"Shading Mode"},"sceneLighting":true,"audioPlay":false,"sceneViewState":{"showFog":true,"showMaterialUpdate":false,"showSkybox":true,"showFlares":true,"showImageEffects":true,"showParticleSystems":true},"in2DMode":false,"pivot":{"x":0.09867095947265625,"y":40.73794174194336,"z":6.573951721191406},"rotation":{"x":0.16494713723659516,"y":0.8070245385169983,"z":-0.26563018560409548,"w":0.5010094046592712},"size":100.14510345458985,"orthographic":false}